{"cameraMode":{"drawMode":0,"name":"Shaded","section":"Shading Mode"},"sceneLighting":true,"audioPlay":false,"sceneViewState":{"showFog":true,"showMaterialUpdate":true,"showSkybox":true,"showFlares":true,"showImageEffects":true,"showParticleSystems":true},"in2DMode":false,"pivot":{"x":-0.39687585830688479,"y":2.404127597808838,"z":-0.7707066535949707},"rotation":{"x":-0.03780664503574371,"y":0.9241039752960205,"z":-0.09487584978342056,"w":-0.36824092268943789},"size":10.0,"orthographic":false}